{
  "public": {
    "render":
    {
      "tps": 90
    },
    "create":
    {
      "window":
      {
        "size": [640, 480]
      }
    },

    "music": [
      "data/sound/music_0.mp3"
    ],

    "text":
    {
      "eng":
      {
        "ball_stopped": "Ball Stopped!",
        "ball_out": "Ball Out!"
      }
    }
  },
  "protected":
  {
    "font":
    {
      "default": "data/fonts/pixelfont.ttf"
    },
    "player":
    {
      "speed":
      {
        "max": 6.7
      }
    }
  }
}